insert into Room (CreateDate, Name) values ('2015-03-01 00:00:00', 'Гостинная');
insert into Room (CreateDate, Name) values ('2015-04-01 00:00:00', 'Спальня');
insert into Room (CreateDate, Name) values ('2015-05-01 00:00:00', 'Кухня');
insert into Room (CreateDate, Name) values ('2015-06-01 00:00:00', 'Кабинет');
insert into Room (CreateDate, Name) values ('2015-07-01 00:00:00', 'Аудитория');
insert into Furniture (Date, Type, Count, RoomId) values ('2015-03-01 00:00:00', 'Стол', 3, 1);
insert into Furniture (Date, Type, Count, RoomId) values ('2015-03-01 00:00:00', 'Стул', 1, 1);
insert into Furniture (Date, Type, Count, RoomId) values ('2015-03-01 00:00:00', 'Комод', 4, 1);
insert into Furniture (Date, Type, Count, RoomId) values ('2015-03-01 00:00:00', 'Табурет', 5, 1);
insert into Furniture (Date, Type, Count, RoomId) values ('2015-03-01 00:00:00', 'Диван', 1, 1);
insert into Furniture (Date, Type, Count, RoomId) values ('2015-04-01 00:00:00', 'Парта', 2, 2);
insert into Furniture (Date, Type, Count, RoomId) values ('2015-04-01 00:00:00', 'Стеллаж', 1, 2);
insert into Furniture (Date, Type, Count, RoomId) values ('2015-04-01 00:00:00', 'Шкаф-купе', 2, 2);
insert into Furniture (Date, Type, Count, RoomId) values ('2015-05-01 00:00:00', 'Кресло', 9, 3);
insert into Furniture (Date, Type, Count, RoomId) values ('2015-05-01 00:00:00', 'Софа', 6, 3);
insert into Furniture (Date, Type, Count, RoomId) values ('2015-07-01 00:00:00', 'Журнальный столик', 5, 5);
insert into Furniture (Date, Type, Count, RoomId) values ('2015-07-01 00:00:00', 'Пуфик', 1, 5);
insert into Furniture (Date, Type, Count, RoomId) values ('2015-07-01 00:00:00', 'Пенал', 7, 5);
insert into Furniture (Date, Type, Count, RoomId) values ('2015-07-01 00:00:00', 'Платяной шкаф', 15, 5);
insert into Furniture (Date, Type, Count, RoomId) values ('2015-07-01 00:00:00', 'Полка', 4, 5);
insert into Furniture (Date, Type, Count, RoomId) values ('2015-07-01 00:00:00', 'Секретер', 2, 5);
insert into RoomEvent (Date, Type, Description) values ('2015-03-01 00:00:00', 1, 'Комната "Гостинная" была создана');
insert into RoomEvent (Date, Type, Description) values ('2015-04-01 00:00:00', 1, 'Комната "Спальня" была создана');
insert into RoomEvent (Date, Type, Description) values ('2015-05-01 00:00:00', 1, 'Комната "Кухня" была создана');
insert into RoomEvent (Date, Type, Description) values ('2015-06-01 00:00:00', 1, 'Комната "Кабинет" была создана');
insert into RoomEvent (Date, Type, Description) values ('2015-07-01 00:00:00', 1, 'Комната "Аудитория" была создана');
insert into RoomEvent (Date, Type, Description) values ('2015-03-01 00:00:00', 2, 'Мебель "Стол" (3 шт.) была добавлена в комнату "Гостинная"');
insert into RoomEvent (Date, Type, Description) values ('2015-03-01 00:00:00', 2, 'Мебель "Стул" (1 шт.) была добавлена в комнату "Гостинная"');
insert into RoomEvent (Date, Type, Description) values ('2015-03-01 00:00:00', 2, 'Мебель "Комод" (4 шт.) была добавлена в комнату "Гостинная"');
insert into RoomEvent (Date, Type, Description) values ('2015-03-01 00:00:00', 2, 'Мебель "Табурет" (5 шт.) была добавлена в комнату "Гостинная"');
insert into RoomEvent (Date, Type, Description) values ('2015-03-01 00:00:00', 2, 'Мебель "Диван" (1 шт.) была добавлена в комнату "Гостинная"');
insert into RoomEvent (Date, Type, Description) values ('2015-04-01 00:00:00', 2, 'Мебель "Парта" (2 шт.) была добавлена в комнату "Спальня"');
insert into RoomEvent (Date, Type, Description) values ('2015-04-01 00:00:00', 2, 'Мебель "Стеллаж" (1 шт.) была добавлена в комнату "Спальня"');
insert into RoomEvent (Date, Type, Description) values ('2015-04-01 00:00:00', 2, 'Мебель "Шкаф-купе" (2 шт.) была добавлена в комнату "Спальня"');
insert into RoomEvent (Date, Type, Description) values ('2015-05-01 00:00:00', 2, 'Мебель "Кресло" (9 шт.) была добавлена в комнату "Кухня"');
insert into RoomEvent (Date, Type, Description) values ('2015-05-01 00:00:00', 2, 'Мебель "Софа" (6 шт.) была добавлена в комнату "Кухня"');
insert into RoomEvent (Date, Type, Description) values ('2015-07-01 00:00:00', 2, 'Мебель "Журнальный столик" (5 шт.) была добавлена в комнату "Аудитория"');
insert into RoomEvent (Date, Type, Description) values ('2015-07-01 00:00:00', 2, 'Мебель "Пуфик" (1 шт.) была добавлена в комнату "Аудитория"');
insert into RoomEvent (Date, Type, Description) values ('2015-07-01 00:00:00', 2, 'Мебель "Пенал" (7 шт.) была добавлена в комнату "Аудитория"');
insert into RoomEvent (Date, Type, Description) values ('2015-07-01 00:00:00', 2, 'Мебель "Платяной шкаф" (15 шт.) была добавлена в комнату "Аудитория"');
insert into RoomEvent (Date, Type, Description) values ('2015-07-01 00:00:00', 2, 'Мебель "Полка" (4 шт.) была добавлена в комнату "Аудитория"');
insert into RoomEvent (Date, Type, Description) values ('2015-07-01 00:00:00', 2, 'Мебель "Секретер" (2 шт.) была добавлена в комнату "Аудитория"');