insert into Room (CreateDate, Name) values ('2015-03-01 00:00:00', 'Гостинная');
insert into Room (CreateDate, Name) values ('2015-04-01 00:00:00', 'Спальня');
insert into Room (CreateDate, Name) values ('2015-05-01 00:00:00', 'Кухня');
insert into Room (CreateDate, Name) values ('2015-06-01 00:00:00', 'Кабинет');
insert into Room (CreateDate, Name) values ('2015-07-01 00:00:00', 'Аудитория');
insert into Furniture (CreateDate, Type) values ('2015-03-01 00:00:00', 'Стол');
insert into Furniture (CreateDate, Type) values ('2015-03-01 00:00:00', 'Стул');
insert into Furniture (CreateDate, Type) values ('2015-03-01 00:00:00', 'Комод');
insert into Furniture (CreateDate, Type) values ('2015-03-01 00:00:00', 'Табурет');
insert into Furniture (CreateDate, Type) values ('2015-03-01 00:00:00', 'Диван');
insert into Furniture (CreateDate, Type) values ('2015-04-01 00:00:00', 'Кресло');
insert into Furniture (CreateDate, Type) values ('2015-04-01 00:00:00', 'Стеллаж');
insert into Furniture (CreateDate, Type) values ('2015-04-01 00:00:00', 'Шкаф-купе');
insert into Furniture (CreateDate, Type) values ('2015-05-01 00:00:00', 'Кресло');
insert into Furniture (CreateDate, Type) values ('2015-05-01 00:00:00', 'Софа');
insert into Furniture (CreateDate, Type) values ('2015-07-01 00:00:00', 'Журнальный столик');
insert into Furniture (CreateDate, Type) values ('2015-07-01 00:00:00', 'Пуфик');
insert into Furniture (CreateDate, Type) values ('2015-07-01 00:00:00', 'Пенал');
insert into Furniture (CreateDate, Type) values ('2015-07-01 00:00:00', 'Платяной шкаф');
insert into Furniture (CreateDate, Type) values ('2015-07-01 00:00:00', 'Полка');
insert into Furniture (CreateDate, Type) values ('2015-07-01 00:00:00', 'Секретер');
insert into FurnitureLocation (Date, FurnitureId, RoomId) values ('2015-03-01 00:00:00', 1, 1);
insert into FurnitureLocation (Date, FurnitureId, RoomId) values ('2015-03-01 00:00:00', 2, 1);
insert into FurnitureLocation (Date, FurnitureId, RoomId) values ('2015-03-01 00:00:00', 3, 1);
insert into FurnitureLocation (Date, FurnitureId, RoomId) values ('2015-03-01 00:00:00', 4, 1);
insert into FurnitureLocation (Date, FurnitureId, RoomId) values ('2015-03-01 00:00:00', 5, 1);
insert into FurnitureLocation (Date, FurnitureId, RoomId) values ('2015-04-01 00:00:00', 6, 2);
insert into FurnitureLocation (Date, FurnitureId, RoomId) values ('2015-04-01 00:00:00', 7, 2);
insert into FurnitureLocation (Date, FurnitureId, RoomId) values ('2015-04-01 00:00:00', 8, 3);
insert into FurnitureLocation (Date, FurnitureId, RoomId) values ('2015-05-01 00:00:00', 9, 3);
insert into FurnitureLocation (Date, FurnitureId, RoomId) values ('2015-05-01 00:00:00', 10, 3);
insert into FurnitureLocation (Date, FurnitureId, RoomId) values ('2015-07-01 00:00:00', 11, 5);
insert into FurnitureLocation (Date, FurnitureId, RoomId) values ('2015-07-01 00:00:00', 12, 5);
insert into FurnitureLocation (Date, FurnitureId, RoomId) values ('2015-07-01 00:00:00', 13, 5);
insert into FurnitureLocation (Date, FurnitureId, RoomId) values ('2015-07-01 00:00:00', 14, 5);
insert into FurnitureLocation (Date, FurnitureId, RoomId) values ('2015-07-01 00:00:00', 15, 5);
insert into FurnitureLocation (Date, FurnitureId, RoomId) values ('2015-07-01 00:00:00', 16, 5);